<?xml version="1.0" encoding="utf-8"?>
<!-- Splash screen file, saved 5/12/2018 1:08:53 AM by User using CourseLab 090219 -->
<splash>
<settings>
<showsplash>yes</showsplash>
</settings>
<data>
<![CDATA[<div style="position:absolute;left:533px;top:451px;width:166px;height:31px;"><img border="0" width="166" height="31" style="cursor:hand;cursor:pointer;" src="images/splash_button_go/button_start1.gif" onclick="this.src = 'images/splash_button_go/button_wait.gif'; StartModule();return false;"   /></div><div style="position:absolute;left:46px;top:456px;width:432px;height:25px;"><P>Тест на тему "Проблемы проектирования веб-приложений"</P></div><img src="images/NAb-jOVb-So.jpg" style="position:absolute;left:369px;top:49px;width:356px;height:368px;"/><div style="position:absolute;left:39px;top:100px;width:301px;height:202px;"><P>Преподаватель: <B>Севостьянова Юлия Сергеевна</B></P>
<P>СПбНИУ ИТМО, факультет программной инженерии и компьютерной техники, направление "веб-технологии"</P></div>]]>
</data>
</splash>
